rec,s21,s32,s43,s44,chain,step,year,lam_reference
7.720060847610253,1,0.4874822056843835,0.2414652047538666,0.5995305392562649,NA,NA,NA,1.1687443747392121
