rec,s21,s32,s43,s44,chain,step,year,lam_reference
2.343862383402033,1,0.8404262447684505,0.3170913892046919,0.5276167309789053,NA,NA,NA,1.0568154101915634
