rec,s21,s32,s43,s44,chain,step,year,lam_reference
3.879464995798008,1,0.828228483699227,0.25219346921826014,0.6344579647983815,NA,NA,NA,1.157273155735808
