rec,s21,s32,s43,s44,chain,step,year,lam_reference
2.8462666431094656,1,0.7345905509076416,0.3660202072784593,0.35257183055708347,NA,NA,NA,1.0376146395713148
